sample,background,motif,n,frac,log2fc,q,called,bimodality,bimodal
15855,0.0781292332701165,(none),,,,,,,
16165,0.12527092928745598,(none),,,,,,,
16223,0.3345299376862639,<too many candidates>,215.0,,,,,,
16170,0.06106068816039014,(none),,,,,,,
16169,0.0786,GCGGCCA,219.0,0.516,-1.01,8.626619503618805e-60,True,0.263,False
16224,0.09631536169059875,(none),,,,,,,
16164,0.1082362503386616,(none),,,,,,,
7084,0.1444,CCCNNNNNNTTTC,368.0,0.91,-2.1,7.332429186525505e-232,True,0.363,False
8099,0.015273638580330534,(none),,,,,,,
15851,0.06644540774857761,(none),,,,,,,
15852,0.0694,ATACNNNNGTG,461.0,1.0,-3.59,0.0,True,0.312,False
15852,0.0694,CACNNNNGTAC,431.0,1.0,-3.6,0.0,True,0.353,False
15852,0.0694,AAAGNNNNGTT,866.0,0.999,-3.52,0.0,True,0.262,False
15852,0.0694,GGTCTC,51.0,0.961,-2.63,8.661084047560222e-51,True,0.294,False
15846,0.083,ATACNNNNGTG,449.0,1.0,-3.15,0.0,True,0.342,False
15846,0.083,CACNNNNGTAC,421.0,0.995,-3.19,0.0,True,0.361,False
15846,0.083,AAAGNNNNGTT,862.0,0.995,-3.06,0.0,True,0.341,False
15846,0.083,ACGNNNNNGTTG,387.0,0.739,-1.32,6.315550217129093e-214,True,0.232,False
15846,0.083,GGTCTC,50.0,0.96,-2.48,5.877245879530739e-46,True,0.361,False
16225,0.02106475209970198,(none),,,,,,,
16175,0.0615,TGANNNNNNNNTGCT,492.0,0.764,-1.52,0.0,True,0.222,False
16175,0.0615,CCGCGG,339.0,0.658,-1.29,1.816118768714408e-175,True,0.212,False
15853,0.0867,CCGCGG,333.0,0.946,-1.98,0.0,True,0.245,False
15853,0.0867,ATACNNNNGTG,451.0,0.973,-2.51,0.0,True,0.31,False
15853,0.0867,CACNNNNGTAC,421.0,0.983,-2.51,0.0,True,0.334,False
15853,0.0867,AAAGNNNNGTT,862.0,0.979,-2.45,0.0,True,0.252,False
15853,0.0867,GGTCTC,49.0,0.939,-1.93,8.528488769180499e-42,True,0.319,False
7083,0.0226,CAATNNNNNTCGG,74.0,0.959,-2.76,1.6911987027849506e-107,True,0.468,False
7083,0.0226,CAACNNNNNTCGG,71.0,0.93,-2.66,3.1316468657408857e-97,True,0.569,True
16171,0.0769,AAACNNNNGTC,847.0,0.961,-2.19,0.0,True,0.286,False
16171,0.0769,ACANNNNNATGG,494.0,0.953,-2.23,0.0,True,0.238,False
16171,0.0769,ACANNNNNGTGG,368.0,0.962,-2.21,0.0,True,0.193,False
16171,0.0769,GAACNNNNGTC,265.0,0.977,-2.19,4.635388475501711e-273,True,0.286,False
16172,0.0578,CCTANNNNNNNNTAG,449.0,0.991,-3.09,0.0,True,0.28,False
16172,0.0578,CCCANNNNNNNNTAG,432.0,0.995,-3.1,0.0,True,0.253,False
16226,0.0565,AAAGNNNNGTT,895.0,0.99,-2.91,0.0,True,0.244,False
16226,0.0565,GGTCTC,52.0,0.923,-2.2,3.97785017469011e-51,True,0.427,False
8097,0.0179,CGACNNNNNNNATTA,138.0,0.942,-2.09,3.577528065416065e-210,True,0.349,False
8097,0.0179,CGACNNNNNNNGTTA,97.0,0.948,-2.05,1.2504329830134708e-148,True,0.349,False
8098,0.14366025467353022,(none),,,,,,,
